{"cameraMode":{"drawMode":0,"name":"Shaded","section":"Shading Mode"},"sceneLighting":true,"audioPlay":false,"sceneViewState":{"showFog":true,"showMaterialUpdate":false,"showSkybox":true,"showFlares":true,"showImageEffects":true,"showParticleSystems":true},"in2DMode":false,"pivot":{"x":70.70529174804688,"y":-11.988463401794434,"z":-34.212615966796878},"rotation":{"x":0.04278494417667389,"y":0.8525615334510803,"z":-0.07123503088951111,"w":0.5162836313247681},"size":42.983428955078128,"orthographic":false}